Workbook

Sheet Quote
A1: HANNAH PLUMBING & HEATING LTD - QUOTATION BUILD-UP
A2: Aberdeen - Boiler replacement: remove Ideal Concord 100kW, install 2 No. Worcester Bosch Greenstar 8000 35kW system boilers with plate heat exchanger
A3: Prices exclude VAT. Material rates are ESTIMATED trade prices - confirm with merchant before issuing. Site survey not yet carried out (see Qualifications).
A5: Pricing inputs (yellow cells are editable):
A6: Labour rate per hour (£) | D6: 50 | E6: Same rate as Life Church / Pivot Centre
A7: Materials mark-up (%) | D7: 0.15 | E7: Same as Life Church tender
A8: Mark-up on electrician (%) | D8: 0 | E8: Set to e.g. 0.10 to add 10% handling
A9: Contingency on total (%) | D9: 0.05 | E9: Unsurveyed - flue route, gas supply, condition of existing system
A10: Operatives on site | D10: 2 | E10: Used for programme days only
A11: Hours per working day | D11: 8 | E11: Used for programme days only
A13: Ref | B13: Description | C13: Labour hrs | D13: Labour (£) | E13: Materials inc. mark-up (£) | F13: Total (£) | G13: Notes
A14: 1 | B14: Preliminaries - RAMS, gas & site survey, set-up, protection, consumables | C14: 6 | D14: =C14*$D$6 | E14: =SUMIF(Materials!$A:$A,A14,Materials!$F:$F)*(1+$D$7) | F14: =D14+E14 | G14: Allow for commercial gas paperwork
A15: 2 | B15: Isolate, drain down, cap gas, disconnect & remove Ideal Concord 100kW + existing flue; break down & dispose | C15: 16 | D15: =C15*$D$6 | E15: =SUMIF(Materials!$A:$A,A15,Materials!$F:$F)*(1+$D$7) | F15: =D15+E15 | G15: Concord is sectional cast iron - heavy, 2-man strip-out
A16: 3 | B16: Supply & fix 18mm plywood backing board to plant room wall | C16: 4 | D16: =C16*$D$6 | E16: =SUMIF(Materials!$A:$A,A16,Materials!$F:$F)*(1+$D$7) | F16: =D16+E16
A17: 4 | B17: Hang 2 No. Worcester Greenstar 8000 35kW system boilers incl. flue kits & terminals | C17: 14 | D17: =C17*$D$6 | E17: =SUMIF(Materials!$A:$A,A17,Materials!$F:$F)*(1+$D$7) | F17: =D17+E17 | G17: Assumes straight-through / short horizontal flues
A18: 5 | B18: Primary pipework: boilers to plate heat exchanger incl. 2 No. magnetic filters, valves, pressurisation | C18: 20 | D18: =C18*$D$6 | E18: =SUMIF(Materials!$A:$A,A18,Materials!$F:$F)*(1+$D$7) | F18: =D18+E18 | G18: Sealed primary circuit on boiler side
A19: 6 | B19: Supply & install Worcester plate heat exchanger; connect secondary (existing system) incl. new secondary pump | C19: 12 | D19: =C19*$D$6 | E19: =SUMIF(Materials!$A:$A,A19,Materials!$F:$F)*(1+$D$7) | F19: =D19+E19 | G19: Separates new boilers from old system
A20: 7 | B20: Gas pipework to both boilers incl. isolation valves; tightness test & purge | C20: 6 | D20: =C20*$D$6 | E20: =SUMIF(Materials!$A:$A,A20,Materials!$F:$F)*(1+$D$7) | F20: =D20+E20 | G20: Assumes existing gas supply adequate for 70kW
A21: 8 | B21: Condensate pipework to suitable drain (2 No.) | C21: 3 | D21: =C21*$D$6 | E21: =SUMIF(Materials!$A:$A,A21,Materials!$F:$F)*(1+$D$7) | F21: =D21+E21
A22: 9 | B22: Insulate all new pipework in plant room | C22: 6 | D22: =C22*$D$6 | E22: =SUMIF(Materials!$A:$A,A22,Materials!$F:$F)*(1+$D$7) | F22: =D22+E22
A23: 10 | B23: Chemical clean / flush existing system, fill, inhibit (secondary & primary) | C23: 6 | D23: =C23*$D$6 | E23: =SUMIF(Materials!$A:$A,A23,Materials!$F:$F)*(1+$D$7) | F23: =D23+E23 | G23: Powerflush of old system NOT included
A24: 11 | B24: Commission boilers, Benchmark, commercial gas certification, handover & demo | C24: 7 | D24: =C24*$D$6 | E24: =SUMIF(Materials!$A:$A,A24,Materials!$F:$F)*(1+$D$7) | F24: =D24+E24
A25: 12 | B25: Electrical works - subcontract electrician (supplies, controls, wiring of boilers/pump) | E25: 1000 | F25: =E25*(1+$D$8) | G25: Fixed price from electrician
A26: 13 | B26: Travel & accommodation allowance - Aberdeen (fuel + digs for 2 men) | E26: 1000 | F26: =E26 | G26: Set to 0 if local / not staying over
B28: Sub-total | C28: =SUM(C14:C26) | D28: =SUM(D14:D26) | E28: =SUM(E14:E26) | F28: =SUM(F14:F26)
B29: Contingency | F29: =F28*$D$9
B30: QUOTE TOTAL (ex VAT) | F30: =ROUND(F28+F29,-1)
B31: VAT @ 20% | F31: =F30*0.2
B32: QUOTE TOTAL (inc VAT) | F32: =F30*1.2
B34: Programme (days on site) | C34: =ROUNDUP(C28/($D$10*$D$11),0)
A36: Qualifications / exclusions
B37: - Price subject to site survey - flue route, plant room access & gas meter/supply capacity not yet checked.
B38: - Assumes existing gas supply & meter adequate for 2 x 35kW (70kW). Gas upgrade / new meter excluded.
B39: - Assumes horizontal flues through wall within standard lengths. Vertical/plume or extended flues extra.
B40: - If this is non-domestic premises (likely, given an existing 100kW Concord), the engineer needs the relevant commercial gas tickets - confirm before pricing labour.
B41: - Powerflush of existing system, radiator/valve replacement and asbestos removal excluded.
B42: - Builder work (making good, decoration, core drilling through stone) excluded unless stated.
B43: - Electrical works by subcontract electrician as priced (£1,000) - confirm their scope covers controls/wiring centre.
B44: - Boiler & PHE prices to be confirmed with merchant - Worcester PHE model/size to be confirmed against heat load.

Sheet Materials
A1: Materials - ESTIMATED trade prices (net), check with merchant
A3: Ref | B3: Item | C3: Qty | D3: Unit | E3: Rate (£) | F3: Total (£)
A4: 1 | B4: Consumables - solder, flux, PTFE, fixings, protection | C4: 1 | D4: lot | E4: 150 | F4: =C4*E4
A5: 2 | B5: Disposal of old boiler / scrap & skip share | C5: 1 | D5: item | E5: 150 | F5: =C5*E5
A6: 2 | B6: Gas cap / stop ends, drain hoses | C6: 1 | D6: lot | E6: 25 | F6: =C6*E6
A7: 3 | B7: 18mm WBP plywood 2440x1220 | C7: 2 | D7: sht | E7: 45 | F7: =C7*E7
A8: 3 | B8: Fixings / plugs | C8: 1 | D8: lot | E8: 20 | F8: =C8*E8
A9: 4 | B9: Worcester Bosch Greenstar 8000 Life 35kW system boiler | C9: 2 | D9: no | E9: 2400 | F9: =C9*E9
A10: 4 | B10: Flue kit (horizontal) | C10: 2 | D10: no | E10: 150 | F10: =C10*E10
A11: 4 | B11: Flue extension allowance | C11: 1 | D11: item | E11: 150 | F11: =C11*E11
A12: 5 | B12: Magnetic filter 28mm (Worcester Greenstar System Filter / MagnaClean) | C12: 2 | D12: no | E12: 120 | F12: =C12*E12
A13: 5 | B13: Copper tube & fittings 28/35mm (primary) | C13: 1 | D13: lot | E13: 600 | F13: =C13*E13
A14: 5 | B14: Isolation valves, drain-offs, AAVs, gauges, NRVs | C14: 1 | D14: lot | E14: 300 | F14: =C14*E14
A15: 5 | B15: Expansion vessel + filling loop for sealed primary | C15: 1 | D15: item | E15: 120 | F15: =C15*E15
... A22: 10 | B22: Fernox F3 cleaner + F1 inhibitor | C22: 1 | D22: lot | E22: 120 | F22: =C22*E22
B23: TOTAL MATERIALS (net) | F23: =SUM(F4:F22)
